Workbook

Sheet Data
B2: Job Title | C2: Experience (Years) | D2: Annual Salary ($USD) | E2: Bonus Max ($USD) | F2: Experience (=) | G2: Total Salary (+) | H2: Bonus Rate (/) | I2: Confirm Total Salary | J2: Does Total Salary = Confirmed Salary? | K2: Is Bonus > Annual Salary? | L2: Meets Experience | M2: Meets Salary | N2: Meets Both (1 or 0) | O2: Meets Both
B3: Data Scientist | C3: 5 | D3: 120000 | E3: 10000 | F3: =C3 -> 5 | G3: =D3+E3 -> 130000 | H3: =E3/D3 -> 0.083333333 | I3: =H3*D3+D3 -> 130000 | J3: =G3=I3 -> TRUE | K3: =E3>D3 -> FALSE | L3: =C$15<=C3 -> FALSE | M3: =$C$16<=G3 -> TRUE | N3: =L3*M3 -> 0 | O3: =N3=1 -> FALSE
B4: Machine Learning Engineer | C4: 4 | D4: 135000 | E4: 12000 | F4: =C4 -> 4 | G4: =D4+E4 -> 147000 | H4: =E4/D4 -> 0.088888889 | I4: =H4*D4+D4 -> 147000 | J4: =G4=I4 -> TRUE | K4: =E4>D4 -> FALSE | L4: =C$15<=C4 -> FALSE | M4: =$C$16<=G4 -> TRUE | N4: =L4*M4 -> 0 | O4: =N4=1 -> FALSE
B5: Data Analyst | C5: 2 | D5: 75000 | E5: 5000 | F5: =C5 -> 2 | G5: =D5+E5 -> 80000 | H5: =E5/D5 -> 0.066666667 | I5: =H5*D5+D5 -> 80000 | J5: =G5=I5 -> TRUE | K5: =E5>D5 -> FALSE | L5: =C$15<=C5 -> FALSE | M5: =$C$16<=G5 -> FALSE | N5: =L5*M5 -> 0 | O5: =N5=1 -> FALSE
B6: Business Intelligence Dev | C6: 6 | D6: 110000 | E6: 8000 | F6: =C6 -> 6 | G6: =D6+E6 -> 118000 | H6: =E6/D6 -> 0.072727273 | I6: =H6*D6+D6 -> 118000 | J6: =G6=I6 -> TRUE | K6: =E6>D6 -> FALSE | L6: =C$15<=C6 -> TRUE | M6: =$C$16<=G6 -> TRUE | N6: =L6*M6 -> 1 | O6: =N6=1 -> TRUE
B7: Data Engineer | C7: 3 | D7: 125000 | E7: 11000 | F7: =C7 -> 3 | G7: =D7+E7 -> 136000 | H7: =E7/D7 -> 0.088 | I7: =H7*D7+D7 -> 136000 | J7: =G7=I7 -> TRUE | K7: =E7>D7 -> FALSE | L7: =C$15<=C7 -> FALSE | M7: =$C$16<=G7 -> TRUE | N7: =L7*M7 -> 0 | O7: =N7=1 -> FALSE
B8: Statistician | C8: 7 | D8: 90000 | E8: 7000 | F8: =C8 -> 7 | G8: =D8+E8 -> 97000 | H8: =E8/D8 -> 0.077777778 | I8: =H8*D8+D8 -> 97000 | J8: =G8=I8 -> TRUE | K8: =E8>D8 -> FALSE | L8: =C$15<=C8 -> TRUE | M8: =$C$16<=G8 -> FALSE | N8: =L8*M8 -> 0 | O8: =N8=1 -> FALSE
B9: Data Architect | C9: 10 | D9: 150000 | E9: 15000 | F9: =C9 -> 10 | G9: =D9+E9 -> 165000 | H9: =E9/D9 -> 0.1 | I9: =H9*D9+D9 -> 165000 | J9: =G9=I9 -> TRUE | K9: =E9>D9 -> FALSE | L9: =C$15<=C9 -> TRUE | M9: =$C$16<=G9 -> TRUE | N9: =L9*M9 -> 1 | O9: =N9=1 -> TRUE
B10: Research Scientist | C10: 8 | D10: 130000 | E10: 13000 | F10: =C10 -> 8 | G10: =D10+E10 -> 143000 | H10: =E10/D10 -> 0.1 | I10: =H10*D10+D10 -> 143000 | J10: =G10=I10 -> TRUE | K10: =E10>D10 -> FALSE | L10: =C$15<=C10 -> TRUE | M10: =$C$16<=G10 -> TRUE | N10: =L10*M10 -> 1 | O10: =N10=1 -> TRUE
B11: AI Specialist | C11: 3 | D11: 140000 | E11: 14000 | F11: =C11 -> 3 | G11: =D11+E11 -> 154000 | H11: =E11/D11 -> 0.1 | I11: =H11*D11+D11 -> 154000 | J11: =G11=I11 -> TRUE | K11: =E11>D11 -> FALSE | L11: =C$15<=C11 -> FALSE | M11: =$C$16<=G11 -> TRUE | N11: =L11*M11 -> 0 | O11: =N11=1 -> FALSE
B12: Big Data Engineer | C12: 5 | D12: 115000 | E12: 9000 | F12: =C12 -> 5 | G12: =D12+E12 -> 124000 | H12: =E12/D12 -> 0.07826087 | I12: =H12*D12+D12 -> 124000 | J12: =G12=I12 -> TRUE | K12: =E12>D12 -> FALSE | L12: =C$15<=C12 -> FALSE | M12: =$C$16<=G12 -> TRUE | N12: =L12*M12 -> 0 | O12: =N12=1 -> FALSE
B14: Job Goals:
B15: Experience (<=) | C15: 6
B16: Total Salary (>=) | C16: 100000

Sheet Math_Operators
B2: Job Title | C2: Experience (Years) | D2: Annual Salary ($USD) | E2: Bonus Max ($USD) | F2: Experience (=) | G2: Total Salary (+) | H2: Bonus Rate (/) | I2: Confirm Total Salary | K2: Operator | L2: Name
B3: Data Scientist | C3: 5 | D3: 120000 | E3: 10000 | F3: =C3 -> 5 | G3: =D3+E3 -> 130000 | H3: =E3/D3 -> 0.083333333 | I3: =D3*H3+D3 -> 130000 | K3: + | L3: Addition
B4: Machine Learning Engineer | C4: 4 | D4: 135000 | E4: 12000 | F4: =C4 -> 4 | G4: =D4+E4 -> 147000 | H4: =E4/D4 -> 0.088888889 | I4: =D4*H4+D4 -> 147000 | K4: - | L4: Subtraction
B5: Data Analyst | C5: 2 | D5: 75000 | E5: 5000 | F5: =C5 -> 2 | G5: =D5+E5 -> 80000 | H5: =E5/D5 -> 0.066666667 | I5: =D5*H5+D5 -> 80000 | K5: * | L5: Multiplication
B6: Business Intelligence Dev | C6: 6 | D6: 110000 | E6: 8000 | F6: =C6 -> 6 | G6: =D6+E6 -> 118000 | H6: =E6/D6 -> 0.072727273 | I6: =D6*H6+D6 -> 118000 | K6: / | L6: Division
B7: Data Engineer | C7: 3 | D7: 125000 | E7: 11000 | F7: =C7 -> 3 | G7: =D7+E7 -> 136000 | H7: =E7/D7 -> 0.088 | I7: =D7*H7+D7 -> 136000 | K7: ^ | L7: Exponentiation
B8: Statistician | C8: 7 | D8: 90000 | E8: 7000 | F8: =C8 -> 7 | G8: =D8+E8 -> 97000 | H8: =E8/D8 -> 0.077777778 | I8: =D8*H8+D8 -> 97000 | K8: & | L8: Concatenation
B9: Data Architect | C9: 10 | D9: 150000 | E9: 15000 | F9: =C9 -> 10 | G9: =D9+E9 -> 165000 | H9: =E9/D9 -> 0.1 | I9: =D9*H9+D9 -> 165000
B10: Research Scientist | C10: 8 | D10: 130000 | E10: 13000 | F10: =C10 -> 8 | G10: =D10+E10 -> 143000 | H10: =E10/D10 -> 0.1 | I10: =D10*H10+D10 -> 143000
B11: AI Specialist | C11: 3 | D11: 140000 | E11: 14000 | F11: =C11 -> 3 | G11: =D11+E11 -> 154000 | H11: =E11/D11 -> 0.1 | I11: =D11*H11+D11 -> 154000
B12: Big Data Engineer | C12: 5 | D12: 115000 | E12: 9000 | F12: =C12 -> 5 | G12: =D12+E12 -> 124000 | H12: =E12/D12 -> 0.07826087 | I12: =D12*H12+D12 -> 124000

Sheet Comparison_Operators
B2: Job Title | C2: Experience (Years) | D2: Annual Salary ($USD) | E2: Bonus Max ($USD) | F2: Experience (=) | G2: Total Salary (+) | H2: Bonus Rate (/) | I2: Confirm Total Salary | J2: Does Total Salary = Confirmed Salary? | K2: Is Bonus > Annual Salary? | M2: Operator | N2: Name
B3: Data Scientist | C3: 5 | D3: 120000 | E3: 10000 | F3: =C3 -> 5 | G3: =D3+E3 -> 130000 | I3: =Math_Operators!H3*Math_Operators!D3+Math_Operators!D3 -> 130000 | J3: =Math_Operators!G3=Math_Operators!I3 -> TRUE | K3: =E3>D3 -> FALSE | M3: = | N3: Equal to
B4: Machine Learning Engineer | C4: 4 | D4: 135000 | E4: 12000 | F4: =C4 -> 4 | G4: =D4+E4 -> 147000 | I4: =Math_Operators!H4*Math_Operators!D4+Math_Operators!D4 -> 147000 | J4: =Math_Operators!G4=Math_Operators!I4 -> TRUE | K4: =E4>D4 -> FALSE | M4: > | N4: Greater than
B5: Data Analyst | C5: 2 | D5: 75000 | E5: 5000 | F5: =C5 -> 2 | G5: =D5+E5 -> 80000 | I5: =Math_Operators!H5*Math_Operators!D5+Math_Operators!D5 -> 80000 | J5: =Math_Operators!G5=Math_Operators!I5 -> TRUE | K5: =E5>D5 -> FALSE | M5: < | N5: Less than
B6: Business Intelligence Dev | C6: 6 | D6: 110000 | E6: 8000 | F6: =C6 -> 6 | G6: =D6+E6 -> 118000 | I6: =Math_Operators!H6*Math_Operators!D6+Math_Operators!D6 -> 118000 | J6: =Math_Operators!G6=Math_Operators!I6 -> TRUE | K6: =E6>D6 -> FALSE | M6: >= | N6: Greater than or equal to
B7: Data Engineer | C7: 3 | D7: 125000 | E7: 11000 | F7: =C7 -> 3 | G7: =D7+E7 -> 136000 | I7: =Math_Operators!H7*Math_Operators!D7+Math_Operators!D7 -> 136000 | J7: =Math_Operators!G7=Math_Operators!I7 -> TRUE | K7: =E7>D7 -> FALSE | M7: <= | N7: Less than or equal to
B8: Statistician | C8: 7 | D8: 90000 | E8: 7000 | F8: =C8 -> 7 | G8: =D8+E8 -> 97000 | I8: =Math_Operators!H8*Math_Operators!D8+Math_Operators!D8 -> 97000 | J8: =Math_Operators!G8=Math_Operators!I8 -> TRUE | K8: =E8>D8 -> FALSE | M8: <> | N8: Not equal to
B9: Data Architect | C9: 10 | D9: 150000 | E9: 15000 | F9: =C9 -> 10 | G9: =D9+E9 -> 165000 | I9: =Math_Operators!H9*Math_Operators!D9+Math_Operators!D9 -> 165000 | J9: =Math_Operators!G9=Math_Operators!I9 -> TRUE | K9: =E9>D9 -> FALSE
B10: Research Scientist | C10: 8 | D10: 130000 | E10: 13000 | F10: =C10 -> 8 | G10: =D10+E10 -> 143000 | I10: =Math_Operators!H10*Math_Operators!D10+Math_Operators!D10 -> 143000 | J10: =Math_Operators!G10=Math_Operators!I10 -> TRUE | K10: =E10>D10 -> FALSE
B11: AI Specialist | C11: 3 | D11: 140000 | E11: 14000 | F11: =C11 -> 3 | G11: =D11+E11 -> 154000 | I11: =Math_Operators!H11*Math_Operators!D11+Math_Operators!D11 -> 154000 | J11: =Math_Operators!G11=Math_Operators!I11 -> TRUE | K11: =E11>D11 -> FALSE
B12: Big Data Engineer | C12: 5 | D12: 115000 | E12: 9000 | F12: =C12 -> 5 | G12: =D12+E12 -> 124000 | I12: =Math_Operators!H12*Math_Operators!D12+Math_Operators!D12 -> 124000 | J12: =Math_Operators!G12=Math_Operators!I12 -> TRUE | K12: =E12>D12 -> FALSE

Sheet Cell_Referencing
B2: Job Title | C2: Experience (Years) | D2: Annual Salary ($USD) | E2: Bonus Max ($USD) | F2: Experience (=) | G2: Total Salary (+) | H2: Bonus Rate (/) | I2: Confirm Total Salary | J2: Does Total Salary = Confirmed Salary? | K2: Is Bonus > Annual Salary? | L2: Meets Experience | M2: Meets Salary | N2: Meets Both (1 or 0) | O2: Meets Both
B3: Data Scientist | C3: 5 | D3: 120000 | E3: 10000 | F3: =C3 -> 5 | G3: =D3+E3 -> 130000 | H3: =E3/D3 -> 0.083333333 | I3: =D3+D3*H3 -> 130000 | J3: =G3=I3 -> TRUE | K3: =E3>D3 -> FALSE | L3: =$C$15<=C3 -> TRUE | M3: =$C$16<=D3 -> TRUE | N3: =L3*M3 -> 1 | O3: =N3=1 -> TRUE
B4: Machine Learning Engineer | C4: 4 | D4: 135000 | E4: 12000 | F4: =C4 -> 4 | G4: =D4+E4 -> 147000 | H4: =E4/D4 -> 0.088888889 | I4: =D4+D4*H4 -> 147000 | J4: =G4=I4 -> TRUE | K4: =E4>D4 -> FALSE | L4: =$C$15<=C4 -> FALSE | M4: =$C$16<=D4 -> TRUE | N4: =L4*M4 -> 0 | O4: =N4=1 -> FALSE
B5: Data Analyst | C5: 2 | D5: 75000 | E5: 5000 | F5: =C5 -> 2 | G5: =D5+E5 -> 80000 | H5: =E5/D5 -> 0.066666667 | I5: =D5+D5*H5 -> 80000 | J5: =G5=I5 -> TRUE | K5: =E5>D5 -> FALSE | L5: =$C$15<=C5 -> FALSE | M5: =$C$16<=D5 -> FALSE | N5: =L5*M5 -> 0 | O5: =N5=1 -> FALSE
B6: Business Intelligence Dev | C6: 6 | D6: 110000 | E6: 8000 | F6: =C6 -> 6 | G6: =D6+E6 -> 118000 | H6: =E6/D6 -> 0.072727273 | I6: =D6+D6*H6 -> 118000 | J6: =G6=I6 -> TRUE | K6: =E6>D6 -> FALSE | L6: =$C$15<=C6 -> TRUE | M6: =$C$16<=D6 -> TRUE | N6: =L6*M6 -> 1 | O6: =N6=1 -> TRUE
B7: Data Engineer | C7: 3 | D7: 125000 | E7: 11000 | F7: =C7 -> 3 | G7: =D7+E7 -> 136000 | H7: =E7/D7 -> 0.088 | I7: =D7+D7*H7 -> 136000 | J7: =G7=I7 -> TRUE | K7: =E7>D7 -> FALSE | L7: =$C$15<=C7 -> FALSE | M7: =$C$16<=D7 -> TRUE | N7: =L7*M7 -> 0 | O7: =N7=1 -> FALSE
B8: Statistician | C8: 7 | D8: 90000 | E8: 7000 | F8: =C8 -> 7 | G8: =D8+E8 -> 97000 | H8: =E8/D8 -> 0.077777778 | I8: =D8+D8*H8 -> 97000 | J8: =G8=I8 -> TRUE | K8: =E8>D8 -> FALSE | L8: =$C$15<=C8 -> TRUE | M8: =$C$16<=D8 -> TRUE | N8: =L8*M8 -> 1 | O8: =N8=1 -> TRUE
B9: Data Architect | C9: 10 | D9: 150000 | E9: 15000 | F9: =C9 -> 10 | G9: =D9+E9 -> 165000 | H9: =E9/D9 -> 0.1 | I9: =D9+D9*H9 -> 165000 | J9: =G9=I9 -> TRUE | K9: =E9>D9 -> FALSE | L9: =$C$15<=C9 -> TRUE | M9: =$C$16<=D9 -> TRUE | N9: =L9*M9 -> 1 | O9: =N9=1 -> TRUE
B10: Research Scientist | C10: 8 | D10: 130000 | E10: 13000 | F10: =C10 -> 8 | G10: =D10+E10 -> 143000 | H10: =E10/D10 -> 0.1 | I10: =D10+D10*H10 -> 143000 | J10: =G10=I10 -> TRUE | K10: =E10>D10 -> FALSE | L10: =$C$15<=C10 -> TRUE | M10: =$C$16<=D10 -> TRUE | N10: =L10*M10 -> 1 | O10: =N10=1 -> TRUE
B11: AI Specialist | C11: 3 | D11: 140000 | E11: 14000 | F11: =C11 -> 3 | G11: =D11+E11 -> 154000 | H11: =E11/D11 -> 0.1 | I11: =D11+D11*H11 -> 154000 | J11: =G11=I11 -> TRUE | K11: =E11>D11 -> FALSE | L11: =$C$15<=C11 -> FALSE | M11: =$C$16<=D11 -> TRUE | N11: =L11*M11 -> 0 | O11: =N11=1 -> FALSE
B12: Big Data Engineer | C12: 5 | D12: 115000 | E12: 9000 | F12: =C12 -> 5 | G12: =D12+E12 -> 124000 | H12: =E12/D12 -> 0.07826087 | I12: =D12+D12*H12 -> 124000 | J12: =G12=I12 -> TRUE | K12: =E12>D12 -> FALSE | L12: =$C$15<=C12 -> TRUE | M12: =$C$16<=D12 -> TRUE | N12: =L12*M12 -> 1 | O12: =N12=1 -> TRUE
B14: Job Goals:
B15: Experience (<=) | C15: 5
B16: Total Salary (>=) | C16: 90000
